"idubigeo";"id_padre";"ubigeo";"codigoubigeo";"descubigeo";"nivel";"siglaubigeo";"created_at";"updated_at"
292;263;8;"4.8";CARANGAS;PROVINCIA;CRG;;
293;292;1;"4.8.1";Corque;MUNICIPIO;CRQ;;
295;292;31;"4.8.31";Multimunicipal;MUNICIPIO;D08;;
296;263;9;"4.9";SAJAMA;PROVINCIA;SJM;;
297;296;1;"4.9.1";Curahuara de Carangas;MUNICIPIO;CDC;;
298;296;2;"4.9.2";Turco;MUNICIPIO;TUR;;
299;296;31;"4.9.31";Multimunicipal;MUNICIPIO;D09;;
300;263;10;"4.10";LITORAL DE ATACAMA;PROVINCIA;LIT;;
302;300;2;"4.10.2";Escara;MUNICIPIO;ESA;;
303;300;3;"4.10.3";Cruz de Machacamarca;MUNICIPIO;CMA;;
304;300;4;"4.10.4";Yunguyo de Litoral;MUNICIPIO;YUG;;
305;300;5;"4.10.5";Esmeralda;MUNICIPIO;ESM;;
306;300;31;"4.10.31";Multimunicipal;MUNICIPIO;D10;;
307;263;11;"4.11";SAUCARI;PROVINCIA;SCR;;
308;307;1;"4.11.1";Toledo;MUNICIPIO;TOL;;
309;307;31;"4.11.31";Multimunicipal;MUNICIPIO;D11;;
310;263;12;"4.12";SUD CARANGAS;PROVINCIA;SCA;;
311;310;1;"4.12.1";Andamarca (Stgo. de Andamarca);MUNICIPIO;AND;;
312;310;2;"4.12.2";Belen de Andamarca;MUNICIPIO;BEL;;
313;310;31;"4.12.31";Multimunicipal;MUNICIPIO;D12;;
314;263;13;"4.13";LADISLAO CABRERA;PROVINCIA;CBR;;
316;314;2;"4.13.2";Pampa Aullagas;MUNICIPIO;PAM;;
317;314;31;"4.13.31";Multimunicipal;MUNICIPIO;D13;;
318;263;14;"4.14";PUERTO DE MEJILLONES;PROVINCIA;MEJ;;
319;318;1;"4.14.1";La Rivera;MUNICIPIO;RIV;;
320;318;2;"4.14.2";Todos Santos;MUNICIPIO;TOS;;
321;318;3;"4.14.3";Carangas;MUNICIPIO;CGA;;
322;318;31;"4.14.31";Multimunicipal;MUNICIPIO;D14;;
323;263;15;"4.15";ATAHUALLPA;PROVINCIA;ATA;;
324;323;1;"4.15.1";Sabaya;MUNICIPIO;SAB;;
325;323;2;"4.15.2";Coipasa;MUNICIPIO;COI;;
327;323;31;"4.15.31";Multimunicipal;MUNICIPIO;D15;;
328;263;16;"4.16";NOR CARANGAS;PROVINCIA;NCA;;
329;328;1;"4.16.1";Huayllamarca (Stgo. de Huayllamarca);MUNICIPIO;SDH;;
330;328;31;"4.16.31";Multimunicipal;MUNICIPIO;D16;;
331;263;31;"4.31";MULTIPROVINCIAL;PROVINCIA;MP4;;
332;331;31;"4.31.31";MULTIMUNICIPAL;MUNICIPIO;DM1;;
333;;5;"5";POTOSI;DEPTO;PTS;;
334;333;1;"5.1";TOMAS FRIAS;PROVINCIA;FRI;;
335;334;1;"5.1.1";Potosí;MUNICIPIO;POT;;
336;334;2;"5.1.2";Tinguipaya;MUNICIPIO;TIN;;
337;334;3;"5.1.3";Yocalla;MUNICIPIO;YOC;;
338;334;4;"5.1.4";Urmiri;MUNICIPIO;URM;;
339;334;31;"5.1.31";Multimunicipal;MUNICIPIO;E01;;
340;333;2;"5.2";RAFAEL BUSTILLOS;PROVINCIA;BUS;;
341;340;1;"5.2.1";Uncía;MUNICIPIO;UNC;;
342;340;2;"5.2.2";Chayanta;MUNICIPIO;CHY;;
343;340;3;"5.2.3";Llallagua;MUNICIPIO;LLA;;
344;340;4;"5.2.4";"Chuquiuta ""Ayllu Jucumani""";MUNICIPIO;JUC;;
345;340;31;"5.2.31";Multimunicipal;MUNICIPIO;E02;;
346;333;3;"5.3";CORNELIO SAAVEDRA;PROVINCIA;SAV;;
347;346;1;"5.3.1";Betanzos;MUNICIPIO;BET;;
348;346;2;"5.3.2";Chaqui;MUNICIPIO;CHQ;;
349;346;3;"5.3.3";Tacobamba;MUNICIPIO;TCB;;
350;346;31;"5.3.31";Multimunicipal;MUNICIPIO;E03;;
351;333;4;"5.4";CHAYANTA;PROVINCIA;CYT;;
352;351;1;"5.4.1";Colquechaca;MUNICIPIO;CCQ;;
353;351;2;"5.4.2";Ravelo;MUNICIPIO;RAV;;
354;351;3;"5.4.3";Pocoata;MUNICIPIO;PCT;;
355;351;4;"5.4.4";Ocurí;MUNICIPIO;OCU;;
356;351;31;"5.4.31";Multimunicipal;MUNICIPIO;E04;;
357;333;5;"5.5";CHARCAS;PROVINCIA;CRC;;
358;357;1;"5.5.1";San Pedro;MUNICIPIO;PED;;
359;357;2;"5.5.2";Toro Toro;MUNICIPIO;TTO;;
360;357;31;"5.5.31";Multimunicipal;MUNICIPIO;E05;;
361;333;6;"5.6";NOR CHICHAS;PROVINCIA;NCH;;
362;361;1;"5.6.1";Cotagaita;MUNICIPIO;COT;;
363;361;2;"5.6.2";Vitichi;MUNICIPIO;VIT;;
364;361;31;"5.6.31";Multimunicipal;MUNICIPIO;E06;;
365;333;7;"5.7";SUR CHICHAS;PROVINCIA;SCH;;
366;365;1;"5.7.1";Tupiza;MUNICIPIO;TUP;;
367;365;2;"5.7.2";Atocha;MUNICIPIO;ATO;;
368;365;31;"5.7.31";Multimunicipal;MUNICIPIO;E07;;
369;333;8;"5.8";NOR LIPEZ;PROVINCIA;NLI;;
370;369;1;"5.8.1";"Colcha""K"" (Villa Martín)";MUNICIPIO;CCK;;
371;369;2;"5.8.2";San Pedro de Quemes;MUNICIPIO;PEQ;;
372;369;31;"5.8.31";Multimunicipal;MUNICIPIO;E08;;
373;333;9;"5.9";SUR LIPEZ;PROVINCIA;SLI;;
374;373;1;"5.9.1";San Pablo de Lípez;MUNICIPIO;PAB;;
375;373;2;"5.9.2";Mojinete;MUNICIPIO;MOJ;;
376;373;3;"5.9.3";San Antonio de Esmoruco;MUNICIPIO;SAT;;
377;373;31;"5.9.31";Multimunicipal;MUNICIPIO;E09;;
378;333;10;"5.10";ALONSO DE IBAÑEZ;PROVINCIA;IBA;;
379;378;1;"5.10.1";Sacaca (Villa de Sacaca);MUNICIPIO;SAC;;
380;378;2;"5.10.2";Caripuyo;MUNICIPIO;CRP;;
381;378;31;"5.10.31";Multimunicipal;MUNICIPIO;E10;;
382;333;11;"5.11";JOSE MARIA LINARES;PROVINCIA;LIN;;
384;382;2;"5.11.2";"Caiza ""D""";MUNICIPIO;CAD;;
385;382;3;"5.11.3";Ckochas;MUNICIPIO;CKO;;
386;382;31;"5.11.31";Multimunicipal;MUNICIPIO;E11;;
387;333;12;"5.12";ANTONIO QUIJARRO;PROVINCIA;QUJ;;
388;387;1;"5.12.1";Uyuni;MUNICIPIO;UYU;;
389;387;2;"5.12.2";Tomave;MUNICIPIO;TOM;;
390;387;3;"5.12.3";Porco;MUNICIPIO;PRC;;
391;387;31;"5.12.31";Multimunicipal;MUNICIPIO;E12;;
392;333;13;"5.13";GENERAL BERNARDINO BILBAO;PROVINCIA;BIL;;
393;392;1;"5.13.1";Arampampa;MUNICIPIO;ARP;;
394;392;2;"5.13.2";Acasio;MUNICIPIO;ACA;;
395;392;31;"5.13.31";Multimunicipal;MUNICIPIO;E13;;
396;333;14;"5.14";DANIEL CAMPOS;PROVINCIA;DCA;;
397;396;1;"5.14.1";Llica;MUNICIPIO;LLI;;
398;396;2;"5.14.2";Tahua;MUNICIPIO;TAH;;
399;396;31;"5.14.31";Multimunicipal;MUNICIPIO;E14;;
400;333;15;"5.15";MODESTO OMISTE;PROVINCIA;OMI;;
401;400;1;"5.15.1";Villazón;MUNICIPIO;VLZ;;
402;400;31;"5.15.31";Multimunicipal;MUNICIPIO;E15;;
403;333;16;"5.16";ENRIQUE BALDIVIESO;PROVINCIA;EBA;;
404;403;1;"5.16.1";San Agustín;MUNICIPIO;AGU;;
405;403;31;"5.16.31";Multimunicipal;MUNICIPIO;E16;;
406;333;31;"5.31";MULTIPROVINCIAL;PROVINCIA;MP5;;
407;406;31;"5.31.31";MULTIMUNICIPAL;MUNICIPIO;EM1;;
408;;6;"6";TARIJA;DEPTO;TAR;;
409;408;1;"6.1";CERCADO;PROVINCIA;CET;;
410;409;1;"6.1.1";Tarija;MUNICIPIO;TRJ;;
411;409;31;"6.1.31";Multimunicipal;MUNICIPIO;F01;;
412;408;2;"6.2";ANICETO ARCE;PROVINCIA;ARC;;
413;412;1;"6.2.1";Padcaya;MUNICIPIO;PCY;;
414;412;2;"6.2.2";Bermejo;MUNICIPIO;BER;;
415;412;31;"6.2.31";Multimunicipal;MUNICIPIO;F02;;
416;408;3;"6.3";GRAN CHACO;PROVINCIA;GCH;;
417;416;1;"6.3.1";Yacuiba;MUNICIPIO;YCB;;
418;416;2;"6.3.2";Caraparí;MUNICIPIO;CRY;;
419;416;3;"6.3.3";Villamontes;MUNICIPIO;MON;;
420;416;31;"6.3.31";Multimunicipal;MUNICIPIO;F03;;
421;408;4;"6.4";JOSE MARIA AVILES;PROVINCIA;AVI;;
422;421;1;"6.4.1";Uriondo (Concepción);MUNICIPIO;ORI;;
423;421;2;"6.4.2";Yunchara;MUNICIPIO;YUN;;
424;421;31;"6.4.31";Multimunicipal;MUNICIPIO;F04;;
425;408;5;"6.5";EUSTAQUIO MENDEZ;PROVINCIA;MEN;;
426;425;1;"6.5.1";San Lorenzo;MUNICIPIO;SLR;;
427;425;2;"6.5.2";El Puente;MUNICIPIO;TMY;;
428;425;31;"6.5.31";Multimunicipal;MUNICIPIO;F05;;
429;408;6;"6.6";BURNET O'CONNOR;PROVINCIA;OCO;;
430;429;1;"6.6.1";Entre Ríos;MUNICIPIO;RIO;;
431;429;31;"6.6.31";Multimunicipal;MUNICIPIO;F06;;
432;408;31;"6.31";MULTIPROVINCIAL;PROVINCIA;MP6;;
433;432;31;"6.31.31";MULTIMUNICIPAL;MUNICIPIO;FM1;;
434;;7;"7";SANTA CRUZ;DEPTO;SCZ;;
435;434;1;"7.1";ANDRES IBAÑEZ;PROVINCIA;IBN;;
2;1;1;"1.1";OROPEZA;PROVINCIA;ORO;;
3;2;1;"1.1.1";Sucre;MUNICIPIO;SUC;;
4;2;2;"1.1.2";Yotala;MUNICIPIO;YOT;;
5;2;3;"1.1.3";Poroma;MUNICIPIO;POR;;
6;2;31;"1.1.31";Multimunicipal;MUNICIPIO;A01;;
7;1;2;"1.2";JUANA AZURDUY DE PADILLA;PROVINCIA;AZUR;;
8;7;1;"1.2.1";Villa Azurduy;MUNICIPIO;AZU;;
10;7;31;"1.2.31";Multimunicipal;MUNICIPIO;A02;;
11;1;3;"1.3";JAIME ZUDAÑEZ;PROVINCIA;ZUD;;
12;11;1;"1.3.1";Villa Zudañez (Tacopaya);MUNICIPIO;VZU;;
13;11;2;"1.3.2";Presto;MUNICIPIO;PRE;;
14;11;3;"1.3.3";Villa Mojocoya;MUNICIPIO;VMO;;
15;11;4;"1.3.4";Icla;MUNICIPIO;MUJ;;
16;11;31;"1.3.31";Multimunicipal;MUNICIPIO;A03;;
17;1;4;"1.4";TOMINA;PROVINCIA;JME;;
18;17;1;"1.4.1";Padilla;MUNICIPIO;PAD;;
19;17;2;"1.4.2";Tomina;MUNICIPIO;VTM;;
20;17;3;"1.4.3";Sopachuy;MUNICIPIO;SOP;;
21;17;4;"1.4.4";Villa Alcalá;MUNICIPIO;ALC;;
22;17;5;"1.4.5";El Villar;MUNICIPIO;VIL;;
23;17;31;"1.4.31";Multimunicipal;MUNICIPIO;A04;;
24;1;5;"1.5";HERNANDO SILES;PROVINCIA;SIL;;
25;24;1;"1.5.1";Monteagudo;MUNICIPIO;VMT;;
26;24;2;"1.5.2";San Pablo de Huacareta;MUNICIPIO;PDM;;
177;175;2;"2.20.2";Catacora;MUNICIPIO;CAT;;
178;175;31;"2.20.31";Multimunicipal;MUNICIPIO;B20;;
179;53;31;"2.31";MULTIPROVINCIAL;PROVINCIA;MP2;;
180;179;31;"2.31.31";MULTIMUNICIPAL;MUNICIPIO;BM1;;
181;;3;"3";COCHABAMBA;DEPTO;CBB;;
182;181;1;"3.1";CERCADO;PROVINCIA;CEC;;
184;182;31;"3.1.31";Multimunicipal;MUNICIPIO;C01;;
185;181;2;"3.2";QUILLACOLLO;PROVINCIA;QUI;;
186;185;1;"3.2.1";Quillacollo;MUNICIPIO;QLL;;
187;185;2;"3.2.2";Sipe Sipe;MUNICIPIO;SIP;;
188;185;3;"3.2.3";Tiquipaya;MUNICIPIO;TIQ;;
189;185;4;"3.2.4";Vinto;MUNICIPIO;VIN;;
190;185;5;"3.2.5";Colcapirhua;MUNICIPIO;CCP;;
191;185;31;"3.2.31";Multimunicipal;MUNICIPIO;C02;;
192;181;3;"3.3";GENERAL NARCISO CAMPERO;PROVINCIA;GNC;;
193;192;1;"3.3.1";Aiquile;MUNICIPIO;AIQ;;
194;192;2;"3.3.2";Pasorapa;MUNICIPIO;PAS;;
195;192;3;"3.3.3";Omereque;MUNICIPIO;OME;;
196;192;31;"3.3.31";Multimunicipal;MUNICIPIO;C03;;
197;181;4;"3.4";AYOPAYA;PROVINCIA;AYP;;
199;197;2;"3.4.2";Morochata;MUNICIPIO;MOH;;
200;197;3;"3.4.3";Cocapata;MUNICIPIO;CCT;;
201;197;31;"3.4.31";Multimunicipal;MUNICIPIO;C04;;
202;181;5;"3.5";CHAPARE;PROVINCIA;CPR;;
203;202;1;"3.5.1";Sacaba;MUNICIPIO;SCB;;
204;202;2;"3.5.2";Colomi;MUNICIPIO;CLM;;
205;202;3;"3.5.3";Villa Tunari;MUNICIPIO;TUN;;
206;202;31;"3.5.31";Multimunicipal;MUNICIPIO;C05;;
207;181;6;"3.6";PUNATA;PROVINCIA;PUN;;
208;207;1;"3.6.1";Punata;MUNICIPIO;PNT;;
209;207;2;"3.6.2";Villa Rivero;MUNICIPIO;VRV;;
211;207;4;"3.6.4";Tacachi;MUNICIPIO;TAC;;
213;207;31;"3.6.31";Multimunicipal;MUNICIPIO;C06;;
214;181;7;"3.7";ESTEBAN ARCE;PROVINCIA;ARZ;;
215;214;1;"3.7.1";Tarata;MUNICIPIO;TRT;;
216;214;2;"3.7.2";Anzaldo;MUNICIPIO;ANZ;;
217;214;3;"3.7.3";Arbieto;MUNICIPIO;ARB;;
218;214;4;"3.7.4";Sacabamba;MUNICIPIO;SBB;;
219;214;31;"3.7.31";Multimunicipal;MUNICIPIO;C07;;
220;181;8;"3.8";GERMAN JORDAN;PROVINCIA;JOR;;
221;220;1;"3.8.1";Cliza;MUNICIPIO;CLI;;
222;220;2;"3.8.2";Toco;MUNICIPIO;TOC;;
223;220;3;"3.8.3";Tolata;MUNICIPIO;TLA;;
224;220;31;"3.8.31";Multimunicipal;MUNICIPIO;C08;;
225;181;9;"3.9";CAPINOTA;PROVINCIA;CPN;;
226;225;1;"3.9.1";Capinota;MUNICIPIO;CAP;;
227;225;2;"3.9.2";Santivañez;MUNICIPIO;SAN;;
228;225;3;"3.9.3";Sicaya;MUNICIPIO;SCY;;
229;225;31;"3.9.31";Multimunicipal;MUNICIPIO;C09;;
230;181;10;"3.10";TAPACARI;PROVINCIA;TPA;;
231;230;1;"3.10.1";Tapacari;MUNICIPIO;TAP;;
232;230;31;"3.10.31";Multimunicipal;MUNICIPIO;C10;;
233;181;11;"3.11";CARRASCO;PROVINCIA;CRS;;
234;233;1;"3.11.1";Totora;MUNICIPIO;TOT;;
235;233;2;"3.11.2";Pojo;MUNICIPIO;POJ;;
236;233;3;"3.11.3";Pocona;MUNICIPIO;POC;;
237;233;4;"3.11.4";Chimoré;MUNICIPIO;CHI;;
238;233;5;"3.11.5";Puerto Villarroel;MUNICIPIO;PVI;;
239;233;6;"3.11.6";Entre Rios;MUNICIPIO;ERI;;
240;233;31;"3.11.31";Multimunicipal;MUNICIPIO;C11;;
241;181;12;"3.12";ARANI;PROVINCIA;ARN;;
242;241;1;"3.12.1";Arani;MUNICIPIO;ARA;;
243;241;2;"3.12.2";Vacas;MUNICIPIO;VAC;;
244;241;31;"3.12.31";Multimunicipal;MUNICIPIO;C12;;
245;181;13;"3.13";ARQUE;PROVINCIA;ARU;;
246;245;1;"3.13.1";Arque;MUNICIPIO;ARQ;;
247;245;2;"3.13.2";Tacopaya;MUNICIPIO;TPY;;
248;245;31;"3.13.31";Multimunicipal;MUNICIPIO;C13;;
249;181;14;"3.14";SIMON BOLIVAR;PROVINCIA;SBO;;
250;249;1;"3.14.1";Bolivar;MUNICIPIO;BOL;;
251;249;31;"3.14.31";Multimunicipal;MUNICIPIO;C14;;
252;181;15;"3.15";TIRAQUE;PROVINCIA;IRQ;;
253;252;1;"3.15.1";Tiraque;MUNICIPIO;TRQ;;
254;252;2;"3.15.2";Shinaota;MUNICIPIO;SHI;;
255;252;31;"3.15.31";Multimunicipal;MUNICIPIO;C15;;
256;181;16;"3.16";MIZQUE;PROVINCIA;MZQ;;
257;256;1;"3.16.1";Mizque;MUNICIPIO;MIZ;;
258;256;2;"3.16.2";Vila Vila;MUNICIPIO;VIS;;
259;256;3;"3.16.3";Alalay;MUNICIPIO;ALA;;
260;256;31;"3.16.31";Multimunicipal;MUNICIPIO;C16;;
261;181;31;"3.31";MULTIPROVINCIAL;PROVINCIA;MP3;;
262;261;31;"3.31.31";MULTIMUNICIPAL;MUNICIPIO;CM1;;
263;;4;"4";ORURO;DEPTO;ORU;;
264;263;1;"4.1";CERCADO;PROVINCIA;CRO;;
266;264;2;"4.1.2";Caracollo;MUNICIPIO;CAR;;
267;264;3;"4.1.3";El Choro;MUNICIPIO;CHO;;
268;264;4;"4.1.4";Soracachi;MUNICIPIO;SRC;;
269;264;31;"4.1.31";Multimunicipal;MUNICIPIO;D01;;
270;263;2;"4.2";EDUARDO ABAROA;PROVINCIA;AVA;;
271;270;1;"4.2.1";Challapata;MUNICIPIO;CHT;;
272;270;2;"4.2.2";Santuario de Quillacas;MUNICIPIO;STQ;;
273;270;31;"4.2.31";Multimunicipal;MUNICIPIO;D02;;
274;263;3;"4.3";PANTALEON DALENCE;PROVINCIA;DAL;;
275;274;1;"4.3.1";Huanuni;MUNICIPIO;VHU;;
276;274;2;"4.3.2";Machacamarca;MUNICIPIO;MAR;;
277;274;31;"4.3.31";Multimunicipal;MUNICIPIO;D03;;
278;263;4;"4.4";POOPO;PROVINCIA;POO;;
280;278;2;"4.4.2";Pazña;MUNICIPIO;PAZ;;
281;278;3;"4.4.3";Antequera;MUNICIPIO;ANT;;
282;278;31;"4.4.31";Multimunicipal;MUNICIPIO;D04;;
283;263;5;"4.5";TOMAS BARRON;PROVINCIA;BAR;;
284;283;1;"4.5.1";Eucaliptus;MUNICIPIO;EUC;;
285;283;31;"4.5.31";Multimunicipal;MUNICIPIO;D05;;
286;263;6;"4.6";SEBASTIAN PAGADOR;PROVINCIA;SPG;;
287;286;1;"4.6.1";Santiago de Huari;MUNICIPIO;SHU;;
288;286;31;"4.6.31";Multimunicipal;MUNICIPIO;D06;;
289;263;7;"4.7";SAN PEDRO DE TOTORA;PROVINCIA;STO;;
290;289;1;"4.7.1";Totora;MUNICIPIO;TTR;;
291;289;31;"4.7.31";Multimunicipal;MUNICIPIO;D07;;
574;573;1;"9.3.1";Puerto Gonzalo Moreno;MUNICIPIO;PGM;;
575;573;2;"9.3.2";San Lorenzo;MUNICIPIO;SLO;;
576;573;3;"9.3.3";Sena;MUNICIPIO;SEN;;
577;573;31;"9.3.31";Multimunicipal;MUNICIPIO;I03;;
578;561;4;"9.4";ABUNA;PROVINCIA;ABN;;
579;578;1;"9.4.1";Santa Rosa del Abuná;MUNICIPIO;SRO;;
580;578;2;"9.4.2";Ingavi (Humaita);MUNICIPIO;HUM;;
581;578;31;"9.4.31";Multimunicipal;MUNICIPIO;I04;;
582;561;5;"9.5";GENERAL FEDERICO ROMAN;PROVINCIA;ROM;;
583;582;1;"9.5.1";Nueva Esperanza;MUNICIPIO;NES;;
585;582;3;"9.5.3";Santos Mercado;MUNICIPIO;MER;;
586;582;31;"9.5.31";Multimunicipal;MUNICIPIO;I05;;
587;561;31;"9.31";MULTIPROVINCIAL;PROVINCIA;MP9;;
588;587;31;"9.31.31";MULTIMUNICIPAL;MUNICIPIO;IM1;;
589;;10;"10";NACIONAL;DEPTO;NAL;;
590;589;31;"10.31";MULTIPROVINCIAL;PROVINCIA;MP10;;
591;590;31;"10.31.31";MULTIMUNICIPAL;MUNICIPIO;M10;;
592;;11;"11";BINACIONAL;DEPTO;BNL;;
593;592;0;"11.0";Binacional;PROVINCIA;BNL;;
594;593;0;"11.0.0";Binacional;MUNICIPIO;BNL;;
595;;20;"20";BIDEPARTAMENTAL;DEPTO;BDP;;
596;595;31;"20.31";MULTIPROVINCIAL;PROVINCIA;M20;;
597;596;0;"20.31.0";Multiprovincial;MUNICIPIO;M20;;
598;;21;"21";MULTIDEPARTAMEN;DEPTO;MDP;;
599;598;31;"21.31";MULTIPROVINCIAL;PROVINCIA;M21;;
600;599;0;"21.31.0";MULTIPROVINCIAL;MUNICIPIO;M21;;
601;;23;"23";BIPROVINCIAL;DEPTO;BPV;;
602;601;0;"23.0";BIPROVINCIAL;PROVINCIA;BPV;;
603;602;0;"23.0.0";BIPROVINCIAL;MUNICIPIO;BPV;;
604;;24;"24";MULTIPROVINCIAL;DEPTO;MPV;;
605;604;0;"24.0";MULTIPROVINCIAL;PROVINCIA;MPV;;
606;605;0;"24.0.0";MULTIPROVINCIAL;MUNICIPIO;MPV;;
607;;99;"99";NO APLICABLE;DEPTO;NAP;;
608;607;0;"99.0";NO APLICABLE;PROVINCIA;NAP;;
609;608;0;"99.0.0";NO APLICABLE;MUNICIPIO;NAP;;
610;91;6;"2.6.6";Huatajata;MUNICIPIO;HUT;;
611;91;7;"2.6.7";Chua Cocani;MUNICIPIO;CHC;;
27;24;31;"1.5.31";Multimunicipal;MUNICIPIO;A05;;
28;1;6;"1.6";YAMPARAEZ;PROVINCIA;YAM;;
29;28;1;"1.6.1";Tarabuco;MUNICIPIO;TAB;;
31;28;31;"1.6.31";Multimunicipal;MUNICIPIO;A06;;
32;1;7;"1.7";NOR CINTI;PROVINCIA;NCI;;
33;32;1;"1.7.1";Camargo;MUNICIPIO;CAM;;
34;32;2;"1.7.2";San Lucas;MUNICIPIO;LUC;;
35;32;3;"1.7.3";Incahuasi;MUNICIPIO;INC;;
36;32;4;"1.7.4";Villa Charcas;MUNICIPIO;VCH;;
37;32;31;"1.7.31";Multimunicipal;MUNICIPIO;A07;;
38;1;8;"1.8";BELISARIO BOETO;PROVINCIA;BOE;;
39;38;1;"1.8.1";Villa Serrano;MUNICIPIO;SER;;
40;38;31;"1.8.31";Multimunicipal;MUNICIPIO;A08;;
41;1;9;"1.9";SUD CINTI;PROVINCIA;SCI;;
42;41;1;"1.9.1";Camataqui (Villa Abecia);MUNICIPIO;ABE;;
43;41;2;"1.9.2";Culpina;MUNICIPIO;CUL;;
44;41;3;"1.9.3";Las Carreras;MUNICIPIO;CRR;;
45;41;31;"1.9.31";Multimunicipal;MUNICIPIO;A09;;
46;1;10;"1.10";LUIS CALVO;PROVINCIA;CLV;;
47;46;1;"1.10.1";Villa Vaca Guzmán;MUNICIPIO;MUY;;
48;46;2;"1.10.2";Villa de Huacaya;MUNICIPIO;VHY;;
49;46;3;"1.10.3";Machareti;MUNICIPIO;MAC;;
50;46;31;"1.10.31";Multimunicipal;MUNICIPIO;A10;;
51;1;31;"1.31";MULTIPROVINCIAL;PROVINCIA;MP1;;
52;51;31;"1.31.31";MULTIMUNICIPAL;MUNICIPIO;AM1;;
54;53;1;"2.1";MURILLO;PROVINCIA;MUR;;
56;54;2;"2.1.2";Palca;MUNICIPIO;PLC;;
57;54;3;"2.1.3";Mecapaca;MUNICIPIO;MEC;;
58;54;4;"2.1.4";Achocalla;MUNICIPIO;ACH;;
60;54;31;"2.1.31";Multimunicipal;MUNICIPIO;B01;;
61;53;2;"2.2";INGAVI;PROVINCIA;ING;;
62;61;1;"2.2.1";Viacha;MUNICIPIO;VIA;;
64;61;3;"2.2.3";Tiahuanacu;MUNICIPIO;TIA;;
65;61;4;"2.2.4";Desaguadero;MUNICIPIO;DES;;
66;61;5;"2.2.5";San Andrés de Machaca;MUNICIPIO;AMA;;
67;61;6;"2.2.6";Jesús de Machaca;MUNICIPIO;JMK;;
68;61;7;"2.2.7";Taraco;MUNICIPIO;TCO;;
69;61;31;"2.2.31";Multimunicipal;MUNICIPIO;B02;;
70;53;3;"2.3";CARANAVI;PROVINCIA;CRN;;
71;70;1;"2.3.1";Caranavi;MUNICIPIO;CRV;;
72;70;2;"2.3.2";Alto Beni;MUNICIPIO;ABN;;
73;70;31;"2.3.31";Multimunicipal;MUNICIPIO;B03;;
74;53;4;"2.4";AROMA;PROVINCIA;ARO;;
75;74;1;"2.4.1";Sica Sica (Villa Aroma);MUNICIPIO;SIC;;
76;74;2;"2.4.2";Umala;MUNICIPIO;UMA;;
77;74;3;"2.4.3";Ayo Ayo;MUNICIPIO;AYO;;
78;74;4;"2.4.4";Calamarca;MUNICIPIO;CAL;;
79;74;5;"2.4.5";Patacamaya;MUNICIPIO;PAT;;
80;74;6;"2.4.6";Colquencha;MUNICIPIO;COL;;
81;74;7;"2.4.7";Collana;MUNICIPIO;COA;;
82;74;31;"2.4.31";Multimunicipal;MUNICIPIO;B04;;
83;53;5;"2.5";INQUISIVI;PROVINCIA;INQ;;
86;83;3;"2.5.3";Cajuata;MUNICIPIO;CAJ;;
87;83;4;"2.5.4";Colquiri;MUNICIPIO;COQ;;
89;83;6;"2.5.6";Licoma Pampa;MUNICIPIO;LIC;;
90;83;31;"2.5.31";Multimunicipal;MUNICIPIO;B05;;
91;53;6;"2.6";OMASUYOS;PROVINCIA;OMA;;
92;91;1;"2.6.1";Achacachi;MUNICIPIO;AHI;;
93;91;2;"2.6.2";Ancoraimes;MUNICIPIO;ANC;;
94;91;4;"2.6.4";Huarina;MUNICIPIO;HUR;;
95;91;5;"2.6.5";Santiago de Huata;MUNICIPIO;SAH;;
96;91;31;"2.6.31";Multimunicipal;MUNICIPIO;B06;;
97;53;7;"2.7";LARECAJA;PROVINCIA;LAR;;
98;97;1;"2.7.1";Sorata;MUNICIPIO;SOR;;
99;97;2;"2.7.2";Guanay;MUNICIPIO;GNY;;
100;97;3;"2.7.3";Tacacoma;MUNICIPIO;TAT;;
101;97;4;"2.7.4";Tipuani;MUNICIPIO;TIP;;
102;97;5;"2.7.5";Quiabaya;MUNICIPIO;QBY;;
103;97;6;"2.7.6";Combaya;MUNICIPIO;COM;;
104;97;7;"2.7.7";Mapiri;MUNICIPIO;MAP;;
105;97;8;"2.7.8";Teoponte;MUNICIPIO;TEO;;
106;97;31;"2.7.31";Multimunicipal;MUNICIPIO;B07;;
107;53;8;"2.8";MANCO KAPAC;PROVINCIA;MKA;;
108;107;1;"2.8.1";Copacabana;MUNICIPIO;COP;;
109;107;2;"2.8.2";San Pedro de Tiquina;MUNICIPIO;SPT;;
110;107;3;"2.8.3";Tito Yupanqui;MUNICIPIO;YUP;;
111;107;31;"2.8.31";Multimunicipal;MUNICIPIO;B08;;
112;53;9;"2.9";MUÑECAS;PROVINCIA;MUN;;
114;112;2;"2.9.2";Ayata;MUNICIPIO;AYA;;
115;112;3;"2.9.3";Aucapata;MUNICIPIO;AUC;;
116;112;31;"2.9.31";Multimunicipal;MUNICIPIO;B09;;
117;53;10;"2.10";PACAJES;PROVINCIA;PAC;;
119;117;2;"2.10.2";Caquiaviri;MUNICIPIO;CAQ;;
120;117;3;"2.10.3";Calacoto;MUNICIPIO;CAC;;
121;117;4;"2.10.4";Comanche;MUNICIPIO;CMC;;
122;117;5;"2.10.5";Charaña;MUNICIPIO;CHA;;
123;117;6;"2.10.6";Waldo Ballivián;MUNICIPIO;BAL;;
124;117;7;"2.10.7";Nazacara de Pacajes;MUNICIPIO;NAZ;;
126;117;31;"2.10.31";Multimunicipal;MUNICIPIO;B10;;
127;53;11;"2.11";GENERAL ELIODORO CAMACHO;PROVINCIA;GEC;;
128;127;1;"2.11.1";Puerto Acosta;MUNICIPIO;ACO;;
129;127;2;"2.11.2";Mocomoco;MUNICIPIO;MOC;;
130;127;3;"2.11.3";Carabuco;MUNICIPIO;CCH;;
131;127;4;"2.11.4";Humanata;MUNICIPIO;HUN;;
132;127;5;"2.11.5";Escoma;MUNICIPIO;ESC;;
133;127;31;"2.11.31";Multimunicipal;MUNICIPIO;B11;;
134;53;12;"2.12";FRANZ TAMAYO;PROVINCIA;TAM;;
135;134;1;"2.12.1";Apolo;MUNICIPIO;APO;;
136;134;2;"2.12.2";Pelechuco;MUNICIPIO;PEL;;
137;134;31;"2.12.31";Multimunicipal;MUNICIPIO;B12;;
138;53;13;"2.13";LOAYZA;PROVINCIA;LOA;;
139;138;1;"2.13.1";Luribay;MUNICIPIO;LUR;;
140;138;2;"2.13.2";Sapahaqui;MUNICIPIO;SAP;;
141;138;3;"2.13.3";Yaco;MUNICIPIO;YCO;;
142;138;4;"2.13.4";Malla;MUNICIPIO;MAL;;
143;138;5;"2.13.5";Cairoma;MUNICIPIO;CAI;;
144;138;31;"2.13.31";Multimunicipal;MUNICIPIO;B13;;
145;53;14;"2.14";SUD YUNGAS;PROVINCIA;SYU;;
146;145;1;"2.14.1";Chulumani (Villa de la Libertad);MUNICIPIO;CHL;;
147;145;2;"2.14.2";Irupana (Villa de Lanza);MUNICIPIO;IRU;;
148;145;3;"2.14.3";Yanacachi;MUNICIPIO;YAN;;
149;145;4;"2.14.4";Palos Blancos;MUNICIPIO;BLA;;
150;145;5;"2.14.5";La Asunta;MUNICIPIO;ASU;;
151;145;31;"2.14.31";Multimunicipal;MUNICIPIO;B14;;
152;53;15;"2.15";LOS ANDES;PROVINCIA;ADN;;
153;152;1;"2.15.1";Pucarani;MUNICIPIO;PUC;;
154;152;2;"2.15.2";Laja;MUNICIPIO;LAJ;;
155;152;3;"2.15.3";Batallas;MUNICIPIO;BAT;;
156;152;4;"2.15.4";Puerto Pérez;MUNICIPIO;PER;;
157;152;31;"2.15.31";Multimunicipal;MUNICIPIO;B15;;
158;53;16;"2.16";NOR YUNGAS;PROVINCIA;NYU;;
159;158;1;"2.16.1";Coroico;MUNICIPIO;COC;;
160;158;2;"2.16.2";Coripata;MUNICIPIO;CRI;;
161;158;31;"2.16.31";Multimunicipal;MUNICIPIO;B16;;
162;53;17;"2.17";ABEL ITURRALDE;PROVINCIA;ITU;;
163;162;1;"2.17.1";Ixiamas;MUNICIPIO;IXI;;
164;162;2;"2.17.2";San Buenaventura;MUNICIPIO;SBV;;
165;162;31;"2.17.31";Multimunicipal;MUNICIPIO;B17;;
166;53;18;"2.18";BAUTISTA SAAVEDRA;PROVINCIA;SAA;;
167;166;1;"2.18.1";General Juan José Pérez (Charazani);MUNICIPIO;CPE;;
168;166;2;"2.18.2";Curva;MUNICIPIO;CUR;;
169;166;31;"2.18.31";Multimunicipal;MUNICIPIO;B18;;
170;53;19;"2.19";GUALBERTO VILLARROEL;PROVINCIA;GVIL;;
171;170;1;"2.19.1";San Pedro de Curahuara;MUNICIPIO;PEC;;
172;170;2;"2.19.2";Papel Pampa;MUNICIPIO;PAP;;
173;170;3;"2.19.3";Chacarilla;MUNICIPIO;CLL;;
174;170;31;"2.19.31";Multimunicipal;MUNICIPIO;B19;;
175;53;20;"2.20";GENERAL JOSE MANUEL PANDO;PROVINCIA;PND;;
176;175;1;"2.20.1";Santiago de Machaca;MUNICIPIO;SMA;;
437;435;2;"7.1.2";Cotoca;MUNICIPIO;CTC;;
438;435;3;"7.1.3";Porongo  (Ayacucho);MUNICIPIO;PRG;;
439;435;4;"7.1.4";La Guardia;MUNICIPIO;LGU;;
440;435;5;"7.1.5";El Torno;MUNICIPIO;TOR;;
441;435;31;"7.1.31";Multimunicipal;MUNICIPIO;G01;;
442;434;2;"7.2";IGNACIO WARNES;PROVINCIA;WAR;;
444;442;2;"7.2.2";Okinawa I;MUNICIPIO;OKI;;
445;442;31;"7.2.31";Multimunicipal;MUNICIPIO;G02;;
446;434;3;"7.3";JOSE MIGUEL DE VELASCO;PROVINCIA;VEL;;
448;446;2;"7.3.2";San Miguel (San Miguel de Velasco);MUNICIPIO;MIG;;
449;446;3;"7.3.3";San Rafael;MUNICIPIO;RAF;;
450;446;31;"7.3.31";Multimunicipal;MUNICIPIO;G03;;
451;434;4;"7.4";ICHILO;PROVINCIA;ICHI;;
452;451;1;"7.4.1";Buena Vista;MUNICIPIO;BUE;;
453;451;2;"7.4.2";San Carlos;MUNICIPIO;CRL;;
454;451;3;"7.4.3";Yapacaní;MUNICIPIO;YAP;;
455;451;4;"7.4.4";San Juan;MUNICIPIO;SJU;;
456;451;31;"7.4.31";Multimunicipal;MUNICIPIO;G04;;
457;434;5;"7.5";CHIQUITOS;PROVINCIA;CIQ;;
458;457;1;"7.5.1";San José;MUNICIPIO;JOS;;
459;457;2;"7.5.2";Pailón;MUNICIPIO;PAI;;
460;457;3;"7.5.3";Robore;MUNICIPIO;ROB;;
461;457;31;"7.5.31";Multimunicipal;MUNICIPIO;G05;;
462;434;6;"7.6";SARA;PROVINCIA;SAR;;
463;462;1;"7.6.1";Portachuelo;MUNICIPIO;PCH;;
464;462;2;"7.6.2";Santa Rosa del Sara;MUNICIPIO;SRS;;
465;462;3;"7.6.3";Colpa Bélgica;MUNICIPIO;CBE;;
466;462;31;"7.6.31";Multimunicipal;MUNICIPIO;G06;;
467;434;7;"7.7";CORDILLERA;PROVINCIA;COR;;
468;467;1;"7.7.1";Lagunillas;MUNICIPIO;LAG;;
470;467;3;"7.7.3";Cabezas;MUNICIPIO;CAB;;
471;467;4;"7.7.4";Cuevo;MUNICIPIO;CUE;;
473;467;6;"7.7.6";Camiri;MUNICIPIO;CMR;;
474;467;7;"7.7.7";Boyuibe;MUNICIPIO;BOY;;
475;467;31;"7.7.31";Multimunicipal;MUNICIPIO;G07;;
476;434;8;"7.8";VALLEGRANDE;PROVINCIA;VAL;;
477;476;1;"7.8.1";Vallegrande;MUNICIPIO;GRA;;
478;476;2;"7.8.2";Trigal;MUNICIPIO;TRG;;
479;476;3;"7.8.3";Moro Moro;MUNICIPIO;MOR;;
480;476;4;"7.8.4";Postrer Valle;MUNICIPIO;POS;;
481;476;5;"7.8.5";Pucara;MUNICIPIO;PCR;;
482;476;31;"7.8.31";Multimunicipal;MUNICIPIO;G08;;
483;434;9;"7.9";FLORIDA;PROVINCIA;FLO;;
484;483;1;"7.9.1";Samaipata;MUNICIPIO;SAM;;
485;483;2;"7.9.2";Pampa Grande;MUNICIPIO;PAG;;
486;483;3;"7.9.3";Mairana;MUNICIPIO;MAY;;
487;483;4;"7.9.4";Quirusillas;MUNICIPIO;QRS;;
488;483;31;"7.9.31";Multimunicipal;MUNICIPIO;G09;;
489;434;10;"7.10";OBISPO SANTIESTEBAN;PROVINCIA;SNT;;
490;489;1;"7.10.1";Montero;MUNICIPIO;MTR;;
492;489;3;"7.10.3";Mineros;MUNICIPIO;MIN;;
493;489;4;"7.10.4";Fernández Alonso;MUNICIPIO;FAL;;
494;489;5;"7.10.5";San Pedro;MUNICIPIO;PDR;;
495;489;31;"7.10.31";Multimunicipal;MUNICIPIO;G10;;
496;434;11;"7.11";ÑUFLO DE CHAVEZ;PROVINCIA;CHV;;
498;496;2;"7.11.2";San Javier;MUNICIPIO;SJA;;
499;496;3;"7.11.3";San Ramón;MUNICIPIO;SRA;;
500;496;4;"7.11.4";San Julian;MUNICIPIO;JUL;;
501;496;5;"7.11.5";San Antonio de Lomerio;MUNICIPIO;ANL;;
502;496;6;"7.11.6";Cuatro Cañadas;MUNICIPIO;CCA;;
503;496;31;"7.11.31";Multimunicipal;MUNICIPIO;G11;;
504;434;12;"7.12";ANGEL SANDOVAL;PROVINCIA;SND;;
505;504;1;"7.12.1";San Matías;MUNICIPIO;MAT;;
506;504;31;"7.12.31";Multimunicipal;MUNICIPIO;G12;;
507;434;13;"7.13";MANUEL MARIA CABALLERO;PROVINCIA;CBL;;
508;507;1;"7.13.1";Comarapa;MUNICIPIO;CMP;;
509;507;2;"7.13.2";Saipina;MUNICIPIO;SAI;;
510;507;31;"7.13.31";Multimunicipal;MUNICIPIO;G13;;
511;434;14;"7.14";GERMAN BUSCH;PROVINCIA;GBU;;
513;511;2;"7.14.2";Puerto Quijarro;MUNICIPIO;PQO;;
514;511;3;"7.14.3";El Carmen Rivero Tórrez;MUNICIPIO;CRT;;
515;511;31;"7.14.31";Multimunicipal;MUNICIPIO;G14;;
516;434;15;"7.15";GUARAYOS;PROVINCIA;GUA;;
517;516;1;"7.15.1";Ascención de Guarayos;MUNICIPIO;ADG;;
518;516;2;"7.15.2";Urubicha;MUNICIPIO;URU;;
519;516;3;"7.15.3";El Puente;MUNICIPIO;PUE;;
520;516;31;"7.15.31";Multimunicipal;MUNICIPIO;G15;;
521;434;31;"7.31";MULTIPROVINCIAL;PROVINCIA;MP7;;
522;521;31;"7.31.31";MULTIMUNICIPAL;MUNICIPIO;GM1;;
523;;8;"8";BENI;DEPTO;BEN;;
524;523;1;"8.1";CERCADO;PROVINCIA;CER;;
525;524;1;"8.1.1";Trinidad;MUNICIPIO;TRI;;
526;524;2;"8.1.2";San Javier;MUNICIPIO;JAV;;
527;524;31;"8.1.31";Multimunicipal;MUNICIPIO;H01;;
528;523;2;"8.2";VACA DIEZ;PROVINCIA;VDI;;
529;528;1;"8.2.1";Riberalta;MUNICIPIO;RIB;;
530;528;2;"8.2.2";Puerto Guayaramerín;MUNICIPIO;PGU;;
531;528;31;"8.2.31";Multimunicipal;MUNICIPIO;H02;;
532;523;3;"8.3";JOSE BALLIVIAN;PROVINCIA;JBA;;
533;532;1;"8.3.1";Reyes;MUNICIPIO;REY;;
534;532;2;"8.3.2";San Borja;MUNICIPIO;BOR;;
535;532;3;"8.3.3";Santa Rosa;MUNICIPIO;ROS;;
536;532;4;"8.3.4";Puerto Rurrenabaque;MUNICIPIO;RUR;;
537;532;31;"8.3.31";Multimunicipal;MUNICIPIO;H03;;
538;523;4;"8.4";YACUMA;PROVINCIA;YAC;;
539;538;1;"8.4.1";Santa Ana;MUNICIPIO;ANA;;
540;538;2;"8.4.2";Exaltación;MUNICIPIO;EXA;;
541;538;31;"8.4.31";Multimunicipal;MUNICIPIO;H04;;
542;523;5;"8.5";MOXOS;PROVINCIA;MOX;;
543;542;1;"8.5.1";San Ignacio;MUNICIPIO;IGN;;
544;542;31;"8.5.31";Multimunicipal;MUNICIPIO;H05;;
545;523;6;"8.6";MARBAN;PROVINCIA;MRB;;
546;545;1;"8.6.1";Loreto;MUNICIPIO;LOR;;
547;545;2;"8.6.2";San Andrés;MUNICIPIO;SAD;;
548;545;31;"8.6.31";Multimunicipal;MUNICIPIO;H06;;
549;523;7;"8.7";MAMORE;PROVINCIA;MMR;;
550;549;1;"8.7.1";San Joaquín;MUNICIPIO;JOA;;
551;549;2;"8.7.2";San Ramón;MUNICIPIO;RAM;;
553;549;31;"8.7.31";Multimunicipal;MUNICIPIO;H07;;
554;523;8;"8.8";ITENEZ;PROVINCIA;ITE;;
555;554;1;"8.8.1";Magdalena;MUNICIPIO;MAG;;
556;554;2;"8.8.2";Baures;MUNICIPIO;BAU;;
557;554;3;"8.8.3";Huacaraje;MUNICIPIO;HUA;;
558;554;31;"8.8.31";Multimunicipal;MUNICIPIO;H08;;
559;523;31;"8.31";MULTIPROVINCIAL;PROVINCIA;MP8;;
560;559;31;"8.31.31";MULTIMUNICIPAL;MUNICIPIO;HM1;;
561;;9;"9";PANDO;DEPTO;PAN;;
562;561;1;"9.1";NICOLAS SUAREZ;PROVINCIA;SUA;;
564;562;2;"9.1.2";Porvenir;MUNICIPIO;PRV;;
565;562;3;"9.1.3";Bolpebra;MUNICIPIO;BOP;;
567;562;31;"9.1.31";Multimunicipal;MUNICIPIO;I01;;
568;561;2;"9.2";MANURIPI;PROVINCIA;MNU;;
569;568;1;"9.2.1";Puerto Rico;MUNICIPIO;PRI;;
570;568;2;"9.2.2";San Pedro;MUNICIPIO;SPE;;
571;568;3;"9.2.3";Filadelfia;MUNICIPIO;FIL;;
572;568;31;"9.2.31";Multimunicipal;MUNICIPIO;I02;;
573;561;3;"9.3";MADRE DE DIOS;PROVINCIA;MDD;;
1;;1;"1";CHUQUISACA;DEPTO;CHUQ;;
9;7;2;"1.2.2";TARVITA (VILLA ORIAS);MUNICIPIO;TAR;;
30;28;2;"1.6.2";YAMPAPARÁEZ;MUNICIPIO;YAM;;
53;;2;"2";LA PAZ;DEPTO;LAP;;
55;54;1;"2.1.1";LA PAZ;MUNICIPIO;LPZ;;
59;54;5;"2.1.5";El Alto de La Paz;MUNICIPIO;ELLA;;
63;61;2;"2.2.2";GUAQUI;MUNICIPIO;GUA;;
84;83;1;"2.5.1";INQUISIVI;MUNICIPIO;INQ;;
85;83;2;"2.5.2";QUIME;MUNICIPIO;QUI;;
88;83;5;"2.5.5";ICHOCA;MUNICIPIO;ICH;;
113;112;1;"2.9.1";CHUMA;MUNICIPIO;CHU;;
118;117;1;"2.10.1";COROCORO;MUNICIPIO;COR;;
125;117;8;"2.10.8";SANTIAGO DE CALLAPA;MUNICIPIO;SCA;;
183;182;1;"3.1.1";COCHABAMBA;MUNICIPIO;CBB;;
210;207;3;"3.6.3";SAN BENITO (VILLA JOSÉ QUINTIN MENDOZA);MUNICIPIO;MEM;;
265;264;1;"4.1.1";ORURO;MUNICIPIO;ORU;;
279;278;1;"4.4.1";POOPÓ (VILLA POOPÓ);MUNICIPIO;POO;;
301;300;1;"4.10.1";HUACHACALLA;MUNICIPIO;HCH;;
383;382;1;"5.11.1";PUNA (VILLA TALAVERA);MUNICIPIO;PUN;;
436;435;1;"7.1.1";SANTA CRUZ DE LA SIERRA;MUNICIPIO;SCZ;;
443;442;1;"7.2.1";WARNES;MUNICIPIO;WAR;;
447;446;1;"7.3.1";SAN IGNACIO (SAN IGNACIO DE VELASCO);MUNICIPIO;ING;;
491;489;2;"7.10.2";GENERAL AGUSTÍN SAAVEDRA;MUNICIPIO;SAA;;
497;496;1;"7.11.1";CONCEPCIÓN;MUNICIPIO;CON;;
512;511;1;"7.14.1";PUERTO SUAREZ;MUNICIPIO;SUA;;
552;549;3;"8.7.3";PUERTO SILES;MUNICIPIO;SIL;;
563;562;1;"9.1.1";COBIJA;MUNICIPIO;CBJ;;
566;562;4;"9.1.4";BELLA FLOR;MUNICIPIO;FLO;;
584;582;2;"9.5.2";VILLA NUEVA (LOMA ALTA);MUNICIPIO;LOM;;
294;292;2;"4.8.2";Choquecota;MUNICIPIO;CHE;;
612;416;41;"6.3.41";Región Autónoma del Gran Chaco;MUNICIPIO;RAGC;;
198;197;1;"3.4.1";Independencia;MUNICIPIO;IND;;
212;207;5;"3.6.5";Villa Gualberto Villarroel;MUNICIPIO;VGV;;
315;314;1;"4.13.1";TIOC Salinas;MUNICIPIO;TSA;;
326;323;3;"4.15.3";TIOC Nación Originaria Uru Chipaya;MUNICIPIO;URU;;
469;467;2;"7.7.2";TIOC Charagua Iyambae;MUNICIPIO;CHIY;;
472;467;5;"7.7.5";TIOG Kereimba Iyaambae;MUNICIPIO;GKI;;
615;256;4;"3.16.4";TIOC Raqaypampa;MUNICIPIO;TRP;;
614;351;5;"5.4.5";San Pedro de Macha;MUNICIPIO;SPM;;
